first_name,gender,id,last_name
David,Male,1,Jordan
Stephen,Male,2,
Evelyn,Female,3,Grant
Joe,,4,Mendoza
Benjamin,,5,Rodriguez
Kathleen,Female,6,Crawford
Daniel,Male,7,Marshall
Diana,Female,8,Coleman
Frances,Female,9,Black
Tammy,Female,10,Arnold
Jeffrey,Male,11,Matthews
Roy,Male,12,Harrison
Ernest,Male,13,Bishop
Brian,Male,14,Griffin
Alice,Female,15,Howell
Emily,Female,16,Garza
Sarah,Female,17,Perez
Earl,Male,18,Harvey
Larry,Male,19,Watkins
Timothy,Male,20,Edwards
Theresa,Female,21,Phillips
Timothy,Male,22,Lawrence
Gregory,Male,23,Daniels
Laura,Female,24,Ross
Martin,Male,25,Burton
Antonio,Male,26,Chapman
Tina,Female,27,Lawson
Heather,Female,28,Wallace
Mary,Female,29,Stone
Angela,Female,30,Flores
Andrew,Male,31,Hudson
Lillian,Female,32,Boyd
Julia,Female,33,Hawkins
Alice,Female,34,Sullivan
Adam,Male,35,Tucker
Rebecca,Female,36,Fernandez
Frank,Male,37,Bailey
Julia,Female,38,Stephens
Ann,Female,39,Carroll
Kenneth,Male,40,Duncan
Roy,Male,41,Flores
Gary,Male,42,Dixon
Lois,Female,43,Pierce
Barbara,Female,44,Olson
Brian,Male,45,Daniels
Helen,Female,46,Campbell
Adam,Male,47,Banks
Frank,Male,48,Murray
Christina,Female,49,Edwards
Stephanie,Female,50,Gonzalez
Steven,Male,51,Peterson
Robin,Female,52,Sims
Gerald,Male,53,Dean
Kimberly,Female,54,Ellis
Brandon,Male,55,Franklin
Jane,Female,56,Fuller
Andrew,Male,57,Richardson
Adam,Male,58,Robertson
Stephen,Male,59,Hunt
Amanda,Female,60,Carter
Elizabeth,Female,61,Edwards
Anna,Female,62,Moreno
Rebecca,Female,63,Fisher
Jesse,Male,64,Payne
Tammy,Female,65,Spencer
Dorothy,Female,66,Thomas
Gerald,Male,67,Weaver
Shawn,Male,68,Dean
Rebecca,Female,69,George
Gerald,Male,70,Johnson
Norma,Female,71,Cox
Juan,Male,72,Woods
Terry,Male,73,Ramos
David,Male,74,Anderson
Donald,Male,75,Morgan
Billy,Male,76,Bryant
Willie,Male,77,Stone
Terry,Male,78,Porter
Gloria,Female,79,Edwards
Janice,Female,80,Payne
Aaron,Male,81,Black
Joshua,Male,82,Nichols
Donna,Female,83,Ramos
Johnny,Male,84,Romero
Paula,Female,85,Nelson
Jack,Male,86,Hamilton
Howard,Male,87,Hart
Frank,Male,88,Kim
Mildred,Female,89,Jenkins
Betty,Female,90,Dunn
Anna,Female,91,Porter
Ann,Female,92,Spencer
Nicole,Female,93,Cunningham
Patricia,Female,94,Dunn
Scott,Male,95,Garrett
Adam,Male,96,Banks
Antonio,Male,97,Franklin
Joe,Male,98,Allen
Rebecca,Female,99,Russell
Kathy,Female,100,Sanchez
